HOKA Gel-Kayano SE - Black,SH0001,HOKA,"US 5, US 7, US 8, US 10",298.78,Black,57,seller_18
Adidas Question Mid - Grey,SH0002,Adidas,"US 6, US 8, US 13",245.66,Grey,1,seller_18
ASICS Bondi 8 Flyknit - Volt,SH0003,ASICS,"US 5, US 9, US 11, US 12",324.23,Volt,10,seller_14
Converse Air Jordan 1 Pro - Triple Black,SH0004,Converse,"US 5, US 6, US 7, US 8, US 13",351.72,Triple Black,38,seller_09
Nike Cloudsurfer V2 - Navy,SH0005,Nike,"US 6, US 7, US 9, US 10, US 11, US 12",267.98,Navy,45,seller_03
Nike Endorphin Speed SE - Triple White,SH0006,Nike,"US 6, US 8, US 13",175.17,Triple White,40,seller_12
New Balance Cloudrunner Pro - Blue/White,SH0007,New Balance,"US 6, US 7, US 9, US 10, US 13",139.65,Blue/White,24,seller_09
HOKA Bondi 8 Pro - Olive,SH0008,HOKA,"US 5, US 7, US 8, US 11, US 13",213.36,Olive,4,seller_07
Saucony Bondi 8 Pro - Blue/White,SH0009,Saucony,"US 6, US 7, US 9, US 11, US 12, US 13",319.95,Blue/White,34,seller_09
On Question Mid Flyknit - Grey,SH0010,On,"US 5, US 7, US 8, US 9, US 13",323.29,Grey,55,seller_04
New Balance Air Jordan 4 Flyknit - Triple Black,SH0011,New Balance,"US 6, US 7, US 8, US 9, US 10, US 11, US 12",355.84,Triple Black,0,seller_04
HOKA Sk8-Hi SE - Maroon,SH0012,HOKA,"US 6, US 8, US 9, US 11, US 13",90.01,Maroon,46,seller_09
Jordan Chuck Taylor All Star V2 - Olive,SH0013,Jordan,"US 6, US 7, US 8, US 11, US 13",256.21,Olive,49,seller_17
Nike Authentic Primeknit - Blue/White,SH0014,Nike,"US 6, US 10, US 11",339.1,Blue/White,15,seller_02
ASICS Question Mid V2 - White,SH0015,ASICS,"US 6, US 7, US 8, US 10, US 11, US 13",171.17,White,55,seller_20
Reebok Classic Leather Pro - Purple,SH0016,Reebok,"US 8, US 9, US 10, US 11, US 13",126.51,Purple,14,seller_03
Converse Air Zoom Pegasus Pro - Cream,SH0017,Converse,"US 5, US 6, US 8, US 9, US 10, US 11, US 12",369.68,Cream,55,seller_11
Adidas RS-X SE - Triple White,SH0018,Adidas,"US 7, US 8, US 9, US 10, US 11, US 13",164.33,Triple White,30,seller_14
ASICS Gel-Kayano Flyknit - White,SH0019,ASICS,"US 5, US 8, US 10, US 11, US 13",297.74,White,41,seller_04
Nike Metcon Retro - Pink,SH0020,Nike,"US 6, US 8, US 13",255.25,Pink,8,seller_14
New Balance Air Jordan 1 Pro - Navy,SH0021,New Balance,"US 5, US 6, US 12",291.16,Navy,34,seller_01
Adidas Old Skool Flyknit - Triple Black,SH0022,Adidas,"US 5, US 6, US 8, US 11, US 12, US 13",206.48,Triple Black,24,seller_09
Vans Ride 16 Primeknit - Grey,SH0023,Vans,"US 5, US 6, US 8, US 9",268.55,Grey,34,seller_02
On Clifton 9 - Black,SH0024,On,"US 5, US 6, US 7, US 9, US 10, US 11, US 12",273.46,Black,43,seller_08
Reebok Gel-Kayano Pro - Purple,SH0025,Reebok,"US 5, US 6, US 7, US 8, US 9, US 10, US 12",152.32,Purple,45,seller_11
ASICS Air Jordan 1 2024 - Grey,SH0026,ASICS,"US 5, US 10, US 11, US 12, US 13",231.07,Grey,36,seller_04
Adidas Sk8-Hi SE - Triple White,SH0027,Adidas,"US 6, US 7, US 10, US 12",177.35,Triple White,28,seller_18
On Ride 16 - Cream,SH0028,On,"US 5, US 6, US 7, US 9, US 10, US 12, US 13",260.5,Cream,17,seller_10
Saucony Classic Leather Retro - Pink,SH0029,Saucony,"US 5, US 7, US 9, US 12",117.61,Pink,27,seller_09
Nike Air Zoom Pegasus 2024 - Blue/White,SH0030,Nike,"US 7, US 8, US 9, US 10, US 12",262.88,Blue/White,7,seller_03
On Speedcat - Olive,SH0031,On,"US 5, US 6, US 7, US 8, US 13",184.56,Olive,57,seller_02
Converse Classic Leather Pro - Volt,SH0032,Converse,"US 9, US 10, US 11",321.34,Volt,59,seller_08
New Balance Chuck Taylor All Star Flyknit - Purple,SH0033,New Balance,"US 7, US 10, US 11",377.55,Purple,51,seller_08
Puma Chuck Taylor All Star V2 - Maroon,SH0034,Puma,"US 5, US 6, US 7, US 8, US 11, US 12",183.61,Maroon,50,seller_08
ASICS Air Zoom Pegasus Pro - Volt,SH0035,ASICS,"US 5, US 7, US 9, US 10, US 11, US 12",287.86,Volt,25,seller_18
Converse Air Zoom Pegasus SE - White,SH0036,Converse,"US 5, US 9, US 12, US 13",223.71,White,46,seller_11
Reebok Authentic V2 - Olive,SH0037,Reebok,"US 5, US 8, US 9, US 10, US 11, US 13",250.18,Olive,51,seller_18
HOKA Cloudsurfer Pro - Pink,SH0038,HOKA,"US 6, US 7, US 9, US 10, US 11",186.31,Pink,54,seller_04
On Ride 16 SE - Olive,SH0039,On,"US 6, US 7, US 9, US 10, US 11, US 13",148.47,Olive,42,seller_13
HOKA Cloudsurfer 2024 - Purple,SH0040,HOKA,"US 5, US 7, US 9, US 10, US 11, US 12, US 13",222.27,Purple,37,seller_20
HOKA Clifton 9 Primeknit - Navy,SH0041,HOKA,"US 5, US 6, US 8, US 10, US 11, US 12",176.97,Navy,42,seller_20
Converse Fresh Foam 1080 Pro - Teal,SH0042,Converse,"US 5, US 6, US 8, US 10, US 13",164.9,Teal,30,seller_20
Adidas FuelCell Rebel Pro - Grey,SH0043,Adidas,"US 5, US 6, US 9, US 11, US 12, US 13",330.31,Grey,14,seller_06
On RS-X - Navy,SH0044,On,"US 6, US 7, US 8, US 10, US 11, US 12, US 13",278.92,Navy,46,seller_17
Reebok Sk8-Hi 2024 - Navy,SH0045,Reebok,"US 6, US 7, US 8, US 9, US 11, US 12",283.29,Navy,17,seller_15
Adidas Bondi 8 Pro - Red/Black,SH0046,Adidas,"US 5, US 6, US 9, US 10, US 13",135.76,Red/Black,24,seller_05
On Classic Leather Flyknit - White,SH0047,On,"US 5, US 6, US 8, US 10, US 11, US 12",209.74,White,49,seller_19
On Air Zoom Pegasus Flyknit - Teal,SH0048,On,"US 5, US 6, US 7, US 8, US 10, US 12",240.35,Teal,17,seller_14
Vans Air Zoom Pegasus Retro - Grey,SH0049,Vans,"US 5, US 6, US 7, US 9, US 10, US 12",370.15,Grey,37,seller_19
HOKA Air Zoom Pegasus Flyknit - White,SH0050,HOKA,"US 5, US 7, US 12, US 13",206.52,White,13,seller_15
Converse Clifton 9 Flyknit - Maroon,SH0051,Converse,"US 5, US 8, US 9, US 11, US 13",95.01,Maroon,34,seller_02
Converse Old Skool V2 - Volt,SH0052,Converse,"US 5, US 6, US 8",349.16,Volt,39,seller_05
ASICS Speedcat V2 - Navy,SH0053,ASICS,"US 6, US 7, US 8, US 9, US 10, US 11, US 12",277.25,Navy,47,seller_04
New Balance Ride 16 - White,SH0054,New Balance,"US 5, US 6, US 10, US 11, US 13",272.55,White,53,seller_08
Adidas Bondi 8 SE - Maroon,SH0055,Adidas,"US 5, US 6, US 7, US 8, US 9, US 11, US 12",245.85,Maroon,21,seller_01
Reebok Gel-Nimbus Flyknit - White,SH0056,Reebok,"US 6, US 7, US 8, US 9, US 12",388.3,White,17,seller_20
Jordan Gel-Nimbus Flyknit - Navy,SH0057,Jordan,"US 5, US 6, US 7, US 9, US 10, US 11, US 12",164.6,Navy,29,seller_19
Saucony Endorphin Speed Retro - Grey,SH0058,Saucony,"US 6, US 10, US 12",240.14,Grey,22,seller_09
Converse Air Jordan 1 SE - Purple,SH0059,Converse,"US 5, US 6, US 7, US 8, US 9, US 12, US 13",324.03,Purple,44,seller_16
HOKA Bondi 8 Primeknit - Navy,SH0060,HOKA,"US 6, US 9, US 13",214.36,Navy,15,seller_10
HOKA Question Mid Primeknit - Blue/White,SH0061,HOKA,"US 6, US 7, US 8, US 9, US 10, US 12, US 13",306.89,Blue/White,17,seller_10
Puma Old Skool Pro - White,SH0062,Puma,"US 6, US 7, US 8, US 11, US 13",174.71,White,37,seller_17
Saucony Ride 16 Pro - White,SH0063,Saucony,"US 5, US 6, US 7, US 8, US 10",308.49,White,8,seller_09
Nike Ultraboost SE - Olive,SH0064,Nike,"US 5, US 6, US 11, US 12",266.96,Olive,30,seller_16
Vans Clifton 9 - Triple Black,SH0065,Vans,"US 5, US 6, US 8, US 11, US 12",241.44,Triple Black,36,seller_02
New Balance Speedcat SE - Maroon,SH0066,New Balance,"US 6, US 8, US 9",325.98,Maroon,38,seller_20
Saucony Old Skool Flyknit - Maroon,SH0067,Saucony,"US 7, US 8, US 9, US 11, US 12, US 13",265.28,Maroon,3,seller_20
On Gel-Kayano Pro - Maroon,SH0068,On,"US 6, US 9, US 11, US 12",142.88,Maroon,4,seller_06
Nike Gazelle Primeknit - Navy,SH0069,Nike,"US 5, US 7, US 8, US 10, US 11",306.93,Navy,29,seller_03
HOKA Old Skool SE - Purple,SH0070,HOKA,"US 5, US 6, US 8, US 9, US 10, US 11, US 13",345.26,Purple,4,seller_02
New Balance Ride 16 SE - Cream,SH0071,New Balance,"US 6, US 7, US 8, US 10, US 11, US 12",244.15,Cream,31,seller_15
Adidas Authentic Flyknit - Black,SH0072,Adidas,"US 5, US 6, US 9, US 12, US 13",271.01,Black,1,seller_09
Saucony Ultraboost 2024 - Maroon,SH0073,Saucony,"US 6, US 7, US 8, US 9, US 12, US 13",285.78,Maroon,31,seller_03
Vans Cloudrunner Retro - Grey,SH0074,Vans,"US 6, US 7, US 8, US 10, US 12",178.35,Grey,60,seller_13
Jordan Ultraboost V2 - Navy,SH0075,Jordan,"US 5, US 8, US 9, US 10, US 13",344.73,Navy,0,seller_18
Vans Gazelle Pro - Black,SH0076,Vans,"US 5, US 6, US 8, US 10, US 11, US 12, US 13",259.26,Black,59,seller_10
Vans Bondi 8 V2 - Navy,SH0077,Vans,"US 7, US 8, US 12",259.76,Navy,35,seller_14
Adidas Old Skool V2 - Teal,SH0078,Adidas,"US 6, US 7, US 8, US 9, US 10, US 12",217.8,Teal,30,seller_16
ASICS FuelCell Rebel 2024 - Olive,SH0079,ASICS,"US 5, US 7, US 8, US 11, US 12, US 13",194.36,Olive,50,seller_17
Puma Air Zoom Pegasus SE - Red/Black,SH0080,Puma,"US 6, US 7, US 8, US 9, US 11, US 12, US 13",260.09,Red/Black,34,seller_13
Vans Clifton 9 Pro - Teal,SH0081,Vans,"US 8, US 11, US 12, US 13",102.53,Teal,47,seller_16
On Metcon 2024 - Grey,SH0082,On,"US 5, US 7, US 9, US 11, US 12, US 13",360.0,Grey,28,seller_04
Jordan FuelCell Rebel 2024 - Black,SH0083,Jordan,"US 6, US 7, US 8, US 10, US 11, US 13",290.45,Black,54,seller_11
HOKA Sk8-Hi Retro - Grey,SH0084,HOKA,"US 5, US 6, US 7, US 9, US 12, US 13",398.2,Grey,47,seller_03
Reebok Gel-Kayano V2 - Maroon,SH0085,Reebok,"US 5, US 7, US 9, US 10, US 11, US 13",179.94,Maroon,23,seller_14
New Balance Old Skool Flyknit - Olive,SH0086,New Balance,"US 5, US 6, US 7, US 8, US 9, US 12, US 13",300.77,Olive,31,seller_19
New Balance Old Skool SE - Navy,SH0087,New Balance,"US 5, US 6, US 7, US 8, US 9, US 11",111.9,Navy,60,seller_12
Saucony Ride 16 Flyknit - Volt,SH0088,Saucony,"US 6, US 8, US 9, US 10, US 12",122.06,Volt,24,seller_19
Converse Question Mid SE - Red/Black,SH0089,Converse,"US 5, US 9, US 11",264.44,Red/Black,43,seller_02
Saucony Cloudsurfer SE - Navy,SH0090,Saucony,"US 6, US 8, US 10, US 13",281.48,Navy,43,seller_05
HOKA Gel-Kayano - Purple,SH0091,HOKA,"US 5, US 6, US 7, US 9, US 12",116.94,Purple,18,seller_11
On Gazelle Pro - Triple Black,SH0092,On,"US 9, US 10, US 11, US 13",372.18,Triple Black,53,seller_06
Puma Gel-Nimbus SE - Maroon,SH0093,Puma,"US 5, US 6, US 10, US 12, US 13",355.64,Maroon,46,seller_13
Jordan Cloudrunner Flyknit - White,SH0094,Jordan,"US 6, US 8, US 9",203.26,White,47,seller_09
Saucony Metcon Retro - Teal,SH0095,Saucony,"US 5, US 8, US 12",281.06,Teal,60,seller_18
Converse Authentic V2 - Triple White,SH0096,Converse,"US 5, US 6, US 9, US 11, US 12, US 13",183.35,Triple White,31,seller_04
Adidas Old Skool 2024 - Purple,SH0097,Adidas,"US 8, US 9, US 10, US 11, US 12, US 13",271.08,Purple,46,seller_05
Reebok Air Jordan 4 Primeknit - White,SH0098,Reebok,"US 5, US 6, US 7, US 8, US 9, US 10, US 11",226.86,White,15,seller_12
Adidas Endorphin Speed Retro - Blue/White,SH0099,Adidas,"US 6, US 9, US 11",389.14,Blue/White,60,seller_15
Adidas Endorphin Speed - Triple White,SH0100,Adidas,"US 6, US 8, US 10",332.96,Triple White,13,seller_03
